{
    "film": {
        "height": 128,
        "type": "hdrfilm",
        "width": 256
    },
    "numberOfScenes": 20,
    "sampler": {
        "sampleCount": 4,
        "type": "stratified"
    },
    "sensor": {
        "fov": [
            41,
            72,
            76,
            42,
            41,
            59,
            56,
            53,
            59,
            60,
            49,
            70,
            46,
            85,
            68,
            54,
            49,
            87,
            48,
            88
        ],
        "lookAt": {
            "origin": [
                [
                    3.625,
                    0.8612969332981468,
                    -0.875
                ],
                [
                    3.125,
                    1.0410375461008814,
                    -1.625
                ],
                [
                    2.875,
                    1.7496843548072418,
                    -1.375
                ],
                [
                    2.625,
                    1.3697120596719046,
                    -1.25
                ],
                [
                    2.375,
                    0.7382920990623192,
                    -1.25
                ],
                [
                    2.125,
                    1.5191494612950558,
                    -1.5
                ],
                [
                    1.875,
                    1.3599029453005942,
                    -2.125
                ],
                [
                    1.75,
                    1.7231611862792606,
                    -0.875
                ],
                [
                    1.625,
                    0.5295744633741687,
                    0.125
                ],
                [
                    1.375,
                    0.8537267364655745,
                    -1.75
                ],
                [
                    1.25,
                    1.6949051280660559,
                    -1.0
                ],
                [
                    1.125,
                    0.639154303852616,
                    -0.5
                ],
                [
                    1.0,
                    1.4627041209914844,
                    0.125
                ],
                [
                    0.875,
                    0.5632199665372191,
                    0.875
                ],
                [
                    0.625,
                    1.8783532742607658,
                    -1.125
                ],
                [
                    0.5,
                    1.4495231869534935,
                    0.0
                ],
                [
                    0.25,
                    1.095351841408092,
                    -0.875
                ],
                [
                    0.125,
                    0.7602326193723987,
                    0.75
                ],
                [
                    -0.25,
                    1.8630403023426527,
                    -0.25
                ],
                [
                    -0.75,
                    1.5348618165755237,
                    0.25
                ]
            ],
            "target": [
                [
                    0.9976926235531194,
                    0.8612969332981468,
                    0.9010586182441876
                ],
                [
                    0.6954592645927171,
                    1.0410375461008814,
                    0.0032879795438705006
                ],
                [
                    0.7199500533649492,
                    1.7496843548072418,
                    0.8017759674652968
                ],
                [
                    0.8956788290678468,
                    1.3697120596719046,
                    0.7647017013578238
                ],
                [
                    0.19386042342188214,
                    0.7382920990623192,
                    0.9751045207018565
                ],
                [
                    0.5756682322370068,
                    1.5191494612950558,
                    0.5265270612794674
                ],
                [
                    0.9592286474459922,
                    1.3599029453005942,
                    0.8506897112535415
                ],
                [
                    0.8950549034146325,
                    1.7231611862792606,
                    0.2730299487554124
                ],
                [
                    0.12497619401675142,
                    0.5295744633741687,
                    0.01380317265338149
                ],
                [
                    0.7301147323383229,
                    0.8537267364655745,
                    0.5257496406536742
                ],
                [
                    0.46033006724508163,
                    1.6949051280660559,
                    0.8256759175886995
                ],
                [
                    0.08808587123259903,
                    0.639154303852616,
                    0.8410290148803318
                ],
                [
                    0.7491118661720394,
                    1.4627041209914844,
                    0.008696980804055121
                ],
                [
                    0.5340788238822045,
                    0.5632199665372191,
                    0.3705314237112747
                ],
                [
                    0.0286890269724136,
                    1.8783532742607658,
                    0.17108284714661937
                ],
                [
                    0.4859766031633973,
                    1.4495231869534935,
                    0.8353364301097536
                ],
                [
                    0.37496389162636423,
                    1.095351841408092,
                    0.8394833620256538
                ],
                [
                    0.19339787378618056,
                    0.7602326193723987,
                    0.5138505629817549
                ],
                [
                    0.9533964965828858,
                    1.8630403023426527,
                    0.21528766381011188
                ],
                [
                    0.9938054166413899,
                    1.5348618165755237,
                    0.8638278509514957
                ]
            ],